3423612;371;10114;2013-01-30T07:45:45;amex;3797 2886 9038 850;Mcintyre Erick;erimcintyre5798;Er.MCINT8783@gmail.com;1996-10-01;2760 Edward Barron;Little Rock;United States;72145 ;AR;(701) 198-4889;Black & Decker 16" 3.4 Amp Powered Handsaw With Storage Bag;;
3423616;147;10220;2013-01-29T06:55:48;visa;4104 5004 0613 0704;Huffman Jose;josehuffman8976;Jo.HUFFMAN8931@gmail.com;1975-01-29;4085 Wieland;Tempe;United States;85033;AZ;(989) 561-4531;Bostitch 26 Gallon;;
3423617;589;10208;2013-01-03T01:05:04;visa;4327 9730 5076 2398;Boyle Frederick;fredericboyl9614;Frede.BO4513@yahoo.com;1971-09-11;583 Bissell;Dallas;United States;75680;TX;(615) 926-0371;Edsal Heavy-duty Workbench;;
3423618;967;10031;2013-01-08T12:00:38;maestro;6762 0929 7745 1311;Steele Shiloh;shilste1353;Shilo.STEELE7055@hushmail.com;1975-10-28;3683 38th;Evansville;United States;47755;IN;(917) 980-9263;Black & Decker 20-volt Matrix Drill;;
3423620;907;10336;2013-01-01T01:53:24;instapayment;6390 0420 4417 0287;Jackson Nahla;nahlajac1350;Nahl.JACKSO8319@yahoo.com;1994-10-13;9387 Kennedy Division St;Arlington;United States;76840;TX;(937) 622-5291;Ad Tech Multi-temp Full Size 4" Glue Sticks;;
3423626;932;10028;2013-01-03T06:21:25;mastercard;5579 1178 8636 3045;Burke Kiersten;kierstebu4482;Kier.BU1627@yahoo.com;1955-04-16;672 Wall;Spokane;United States;99228;WA;(901) 147-8379;Black & Decker 1/4 Sheet Finisher Sander;;
3423637;75;10242;2013-01-12T08:50:13;amex;3433 0651 8105 843;Haynes Serena;serenahay4549;Serena.HAY4893@yahoo.com;1970-06-06;7387 Crilly;Savannah;United States;31352;GA;(941) 514-1207;Dremel Universal Drywall Jab Saw Blade;;
3423648;354;10348;2013-01-01T06:00:51;instapayment;6375 1520 0942 4782;Lewis Ahmad;ahmlewis6483;Ahmad.LEWIS2643@hushmail.com;1998-05-31;7823 Edward;Stockton;United States;95392 ;CA;(253) 158-9428;Black And Decker 1/2" 7-amp Variable Speed Drill;;
3423653;629;10182;2013-01-22T01:46:03;maestro;6763 6097 0151 3832;Parks Leila;leilapar8080;Leil.PAR5959@mail2web.com;1951-07-17;2378 Nettleton;Cedar Rapids;United States;52225;IA;(309) 897-6138;Imaginisce I-bond Mini Glue Sticks;;
3423654;837;10114;2013-01-04T03:57:14;visaelectron;4175 0003 9667 5127;Stark Tatum;tatumsta4237;Tat.STAR8926@hushmail.com;1990-06-02;804 Avenue F;Coral Springs;United States;33048;FL;(762) 668-9915;Black & Decker 16" 3.4 Amp Powered Handsaw With Storage Bag;;
3423655;698;10015;2013-01-03T11:02:41;instapayment;6392 2665 3043 3655;Foreman Courtney;courforem2856;Cour.FOR6352@hushmail.com;1991-10-16;6871 Mac Chesney;Lansing;United States;48842;MI;(864) 808-9404;Bostitch 18v Lithium Drill/impact Combo Kit;;
3423659;969;10079;2013-01-29T12:11:31;mastercard;5576 8599 4095 8376;Carroll Claire;clairecarrol8330;Cla.CARR7734@mail2web.com;1977-10-17;2362 Crystal Creek;Virginia Beach;United States;23841;VA;(228) 507-9355;Bostitch Prozhoze;;
3423661;991;10220;2013-01-08T11:32:19;instapayment;6395 5475 8359 0773;Hampton Ryder;rydhampton7037;Ryd.HAMP6784@gmail.com;1961-06-15;9359 Kenosha;Savannah;United States;31318;GA;(618) 767-8502;Bostitch 26 Gallon;;
3423665;9;10126;2013-01-30T10:40:49;mastercard;5226 2076 7678 1154;Horne Tori;tohorne2545;To.HOR5041@gmail.com;1999-04-19;4028 Julian;Seattle;United States;98885;WA;(845) 179-3191;All Purpose Stik Glue Sticks;;
3423667;131;10231;2013-01-10T10:27:31;instapayment;6379 1552 9783 8494;Pollard Catalina;catapoll6746;Catalin.POLLA4230@mail2web.com;1988-05-04;1982 Le Moyne;Laredo;United States;78076;TX;(773) 434-0999;Black & Decker 6.0 Amp Accu-trak Saw With Smartselect;;
3423670;105;10110;2013-01-12T08:15:33;visaelectron;4844 5278 9957 2345;Tanner Messiah;messitann7423;Messia.TAN4580@live.com;1962-12-13;5013 Old Town;Springfield;United States;01118;MA;(503) 949-1579;Bostitch Air Tool Inline Lubricator;;
3423675;840;10242;2013-01-19T11:26:47;visa;4222 6534 8041 8946;Strickland Seamus;seastrickl6273;Seam.STRICK7717@yahoo.com;1973-08-03;9130 73rd;Milwaukee;United States;53150;WI;(956) 516-8992;Dremel Universal Drywall Jab Saw Blade;;
3423679;265;10276;2013-01-23T08:49:25;amex;3767 5080 4206 395;Thornton Justus;justusthornt5468;Justus.THOR5619@mail2web.com;1960-12-21;8993 Merrill;Little Rock;United States;72199 ;AR;(509) 248-1196;Black And Decker 3/8" 5-amp Variable Speed Drill With Keyless Chuck;;
3423680;115;10015;2013-01-19T05:03:09;maestro;5020 0609 3398 4659;Alexander Francesca;francealexand3294;Francesca.ALEXAN4203@hushmail.com;1956-12-15;7012 Pershing;Elizabeth;United States;07222;NJ;(623) 233-2251;Bostitch 18v Lithium Drill/impact Combo Kit;;
3423691;965;10317;2013-01-09T08:42:59;visaelectron;4917 6622 1056 3236;Barnett Jack;jabarnet4121;Jack.BARN8995@live.com;1985-07-24;8829 Weed;Fort Wayne;United States;46319 ;IN;(567) 880-9110;Black & Decker Matrix Jig Saw Head Attachment;;
3423692;105;10079;2013-01-18T10:59:45;visa;4584 6571 8523 8998;Tanner Messiah;messitann7423;Messia.TAN4580@live.com;1962-12-13;5013 Old Town;Springfield;United States;01118;MA;(503) 949-1579;Bostitch Prozhoze;;
3423697;53;10300;2013-01-04T09:01:26;visaelectron;4844 6037 2099 9682;Acevedo Dominick;domiaceve6023;Dominic.ACEVEDO1421@yahoo.com;1951-09-21;2239 St Michaels;Oklahoma City;United States;73810;OK;(224) 199-6968;Black & Decker 6.5a .5" Vsr 2-speed Hammer Drill;;
3423698;344;10093;2013-01-26T08:28:25;maestro;5018 8128 3448 1761;Knowles Conor;conknowl4386;Cono.KNO9541@live.com;1990-07-19;7334 Charles;Peoria;United States;61578;IL;(912) 703-5958;Rubbermaid Wall Washer Replacement Pads;;
3423702;803;10071;2013-01-25T12:28:12;amex;3434 9345 8947 135;Oneal Keenan;keeon5908;Kee.ONEAL2491@mail2web.com;1976-08-04;8852 Winchester;Buffalo;United States;14258;NY;(608) 285-6017;Bostitch 6.5 Amp 3/8" Drill;;
3423712;477;10340;2013-01-24T07:53:47;maestro;5893 0603 9691 1029;Ruiz Timothy;timotru7958;Tim.RU6669@gmail.com;1958-10-23;7794 Bryn Mawr;Hollywood;United States;33078;FL;(225) 295-5127;Dremel Saw-max Tool Kit;;
3423716;26;10077;2013-01-09T01:01:40;mastercard;5324 3044 2247 7814;Griffith Hank;hangriffit9196;Han.GRIF9092@mail2web.com;1964-03-23;9646 80th;Fort Wayne;United States;46046 ;IN;(757) 105-1273;Skil 7-1/4" 150-tooth Steel Circular Saw Blade;;
3423718;398;10040;2013-01-22T10:43:03;mastercard;5211 2664 2618 8323;Tyson Claudia;claudtyson1724;Cla.TY2525@mail2web.com;1960-06-18;6982 Keene;Santa Ana;United States;92646;CA;(732) 190-8375;Hitachi 18-volt Lithium-ion Cordless Impact Driver;;
3423725;518;10207;2013-01-04T03:24:32;instapayment;6374 6042 4021 6022;Mclaughlin London;lonmclaughlin1410;London.MCLAUGHLI1975@gmail.com;1991-10-13;1258 114th;Aurora;United States;60584;IL;(810) 980-4747;I-bond Cordless Hot Glue Gun;;
3423726;433;10191;2013-01-24T12:58:04;maestro;5893 7718 8332 4886;Patel Kellen;kelpa2613;Kellen.PAT5432@live.com;1988-10-24;6842 Kinzie;Columbus;United States;43354;OH;(507) 315-8809;Skil 4v Max Lithium-ion Screwdriver;;
3423729;581;10345;2013-01-05T08:22:20;visaelectron;4913 1696 5942 6986;Armstrong Jordan;jordanarms2587;Jordan.ARMS3112@gmail.com;1985-11-15;9347 Calumet River;Oklahoma City;United States;73470;OK;(207) 562-9280;Skil 7-1/4" 40-tooth Carbide Tipped Circular Saw Blade;;
3423730;64;10126;2013-01-21T08:48:37;mastercard;5488 1764 1874 9345;Melton Noe;noemel7747;No.MELTO4599@mail2web.com;1975-04-26;4367 Winona;Gilbert;United States;85276;AZ;(340) 721-1138;All Purpose Stik Glue Sticks;;
3423735;795;10030;2013-01-17T09:54:04;visa;4782 8966 0536 6985;Graves Jaden;jadegrav5839;Jade.GRAV8295@gmail.com;1971-06-08;883 Stevenson Dan Ryan Ib;Paterson;United States;07554;NJ;(801) 697-5186;Dremel Universal Carbide Flush Cut Blade;;
3423740;165;10157;2013-01-17T09:09:14;amex;3488 5359 6977 762;Yates Carlie;carliya6134;Carlie.YATES9585@hushmail.com;1988-03-18;7492 Schubert;Fort Wayne;United States;46381 ;IN;(878) 442-5764;Bostitch 29-piece Screwdriving Set;;
3423742;330;10035;2013-01-27T10:06:57;instapayment;6395 4930 1944 0186;Simmons Marisol;marissimmon9839;Marisol.SIM5214@live.com;1959-11-28;8598 Kennison;Greensboro;United States;27488;NC;(973) 326-5682;Stanley Fatmax 7a Hammer Drill;;
3423747;329;10090;2013-01-25T05:53:26;maestro;6761 6212 3098 8759;Carr Davon;davoncarr1000;Da.CAR5687@hushmail.com;1999-03-31;2693 Fern;Hialeah;United States;33069;FL;(501) 998-9035;Powryte 3/8" Air Impact Wrench;;
3423763;793;10022;2013-01-06T08:35:49;amex;3717 6496 4455 952;Cooke Jimena;jimenco5436;Jime.COO5809@live.com;1994-02-20;4839 James M Rochford;Spokane;United States;99257;WA;(805) 682-8410;Dremel Multi-max Mm40 Tool Kit;;
3423764;670;10216;2013-01-24T11:16:09;maestro;5893 5625 8445 1536;Rodriguez Rebekah;rebrodrig2078;Rebe.RODRIGUE6861@gmail.com;1972-09-12;7242 Ewing;West Valley City;United States;84012;UT;(671) 450-2996;Ad-tech: High-temp Glue Sticks;;
3423765;192;10094;2013-01-26T04:27:54;visaelectron;4175 0016 9159 7297;Walker Houston;houstowalker2941;Houston.WALKER6870@gmail.com;1981-09-23;4768 Luella;Sioux Falls;United States;57067;SD;(513) 321-3759;Dewalt Dcf610s2r Drills / Drivers ;;
3423768;12;10059;2013-01-06T03:34:39;maestro;5018 5049 4119 1363;Hickman Jamal;jamahickman7369;Jamal.HICKMAN2469@gmail.com;1986-09-30;5408 Reilly;Oakland;United States;94658;CA;(507) 690-4322;Great Neck 4.8v Cordless Screwdriver;;
3423770;459;10167;2013-01-27T08:54:04;visaelectron;4844 1795 7830 7476;Sosa Seamus;seamusos9674;Seamus.SOSA5834@mail2web.com;1971-11-05;41 James;Boise City;United States;83398;ID;(954) 977-6713;Black & Decker 20v Max Lithium Drill/driver;;
3423773;258;10257;2013-01-24T05:49:15;mastercard;5133 2764 7821 5481;Parks Kendyl;kendypark8808;Kendy.PAR4318@gmail.com;1994-12-12;5495 Kennedy Express;Manchester;United States;03107;NH;(940) 290-3223;Bostitch Low-profile Paper Tape Framing Nailer;;
3423774;256;10030;2013-01-08T12:24:57;instapayment;6370 1579 6070 8367;Rosales Morgan;morganros5254;Morga.ROS9398@live.com;1965-05-27;8544 Cambridge;Cleveland;United States;44250;OH;(917) 975-7417;Dremel Universal Carbide Flush Cut Blade;;
3423778;280;10174;2013-01-02T02:21:33;amex;3706 2277 2478 528;Martin Maximilian;maximimartin1846;Maximil.MART4024@yahoo.com;1962-04-16;2028 76th St Ford City;Charleston;United States;29408 ;SC;(515) 846-1255;Black & Decker Smart Select Linefinder Orbital Jigsaw;;
3423781;948;10320;2013-01-04T08:01:14;maestro;6759 4324 2888 6282;Bruce Jada;jadbr3885;Jad.BR3349@live.com;1959-04-11;7912 Ohare;Columbus;United States;31998;GA;(940) 491-5852;Dremel 8v Max Cordless Rotary Tool;;
3423785;64;10231;2013-01-09T01:20:44;visaelectron;4508 2008 5371 3191;Melton Noe;noemel7747;No.MELTO4599@mail2web.com;1975-04-26;4367 Winona;Gilbert;United States;85276;AZ;(340) 721-1138;Black & Decker 6.0 Amp Accu-trak Saw With Smartselect;;
3423786;844;10243;2013-01-20T07:42:11;mastercard;5161 0222 1468 2419;Garcia Layton;laytogarci6909;Layt.GARCIA4241@yahoo.com;1962-08-16;5537 Kennedy Ib;Mesa;United States;85883;AZ;(947) 669-3284;Bostitch Industrial Air Tool Swivel Plug;;
3423790;462;10348;2013-01-02T08:57:03;visaelectron;4844 1915 8481 9428;Head Tristian;tristihe9637;Tristi.HEA4940@gmail.com;1976-11-28;5803 Polk;Salt Lake City;United States;84072;UT;(507) 241-8351;Black And Decker 1/2" 7-amp Variable Speed Drill;;
3423799;446;10300;2013-01-03T12:02:41;instapayment;6392 0609 4824 2422;Hodge Joyce;joycho5349;Joyce.HOD2712@yahoo.com;1953-12-22;1863 Taft;Honolulu;United States;96036;HI;(907) 862-9343;Black & Decker 6.5a .5" Vsr 2-speed Hammer Drill;;
3423803;799;10289;2013-01-17T02:41:16;amex;3412 7595 1935 341;Burks Malik;malbu2654;Ma.BU5809@gmail.com;1975-12-22;5302 Clinton;Baton Rouge;United States;70586;LA;(432) 487-6426;Weller Welwes51 Analog Soldering Station With Power Unit;;
3423811;456;10167;2013-01-22T07:28:03;mastercard;5487 4244 1262 0372;Sanchez Jordan;jordasan6222;Jorda.SANCHE8609@mail2web.com;1957-03-06;3530 Summerdale;Atlanta;United States;30390;GA;(980) 552-0650;Black & Decker 20v Max Lithium Drill/driver;;
3423812;444;10114;2013-01-03T02:39:09;mastercard;5524 7815 0058 8026;Ayers Aleena;aleayer5094;Alee.AYER4153@live.com;1959-08-07;4726 Dan Ryan Eisenhower;Glendale;United States;85022;AZ;(781) 383-0195;Black & Decker 16" 3.4 Amp Powered Handsaw With Storage Bag;;
3423814;862;10178;2013-01-13T04:09:11;amex;3481 0323 5227 470;Bullock Addyson;addysobullock9056;Addyson.BUL1747@gmail.com;1960-07-20;4108 Paxton;Oxnard;United States;93017;CA;(361) 926-0205;Bostitch 6 Gallon;;
3423816;837;10030;2013-01-05T02:06:11;visaelectron;4844 8097 5261 5498;Stark Tatum;tatumsta4237;Tat.STAR8926@hushmail.com;1990-06-02;804 Avenue F;Coral Springs;United States;33048;FL;(762) 668-9915;Dremel Universal Carbide Flush Cut Blade;;
3423819;455;10267;2013-01-20T04:06:36;visa;4412 7911 2042 1746;Osborn Jeffery;jefferosb3699;Jef.OSBOR2653@mail2web.com;1991-05-18;6134 Winona;Laredo;United States;78029;TX;(814) 213-3392;Ad Tech Designer Series Lo Temp Mini Glue Gun;;
3423820;889;10071;2013-01-25T12:28:11;visa;4817 1875 6286 2797;Rutledge Callan;callanrutle9851;Cal.RUTLED7965@gmail.com;1991-05-20;4951 Oswego;Portland;United States;97615;OR;(612) 146-3964;Bostitch 6.5 Amp 3/8" Drill;;
3423821;575;10089;2013-01-27T02:38:46;amex;3726 8281 1970 453;Strong Asia;asiastron8298;As.STRONG6302@mail2web.com;1995-11-05;1082 Marketplace Access;Boise City;United States;83197;ID;(707) 998-2365;Bostitch 100 Ft Air Compressor Hose Prozhoze;;
3423836;38;10035;2013-01-24T10:38:33;amex;3720 8857 4831 595;Cook Cali;caco2582;Ca.COOK7428@live.com;1964-07-31;776 Kerfoot;Rochester;United States;14686;NY;(731) 252-3242;Stanley Fatmax 7a Hammer Drill;;
3423839;882;10216;2013-01-24T04:57:06;instapayment;6389 6268 0116 1548;Duncan Jacob;jacdunc3340;Ja.DUNCA3155@live.com;1990-03-13;88 Stevenson King Dr;Anchorage;United States;99166;AK;(808) 736-5260;Ad-tech: High-temp Glue Sticks;;
3423842;486;10238;2013-01-26T09:09:10;amex;3789 3645 1477 250;Wheeler Kate;katewheele5400;Kat.WHEE3942@mail2web.com;1950-05-30;8187 Ozanam;Kent;United States;98029;WA;(626) 357-2232;Black & Decker 58-piece Project Kit With 12v Lithium Drill/driver;;
3423843;653;10174;2013-01-01T01:16:41;visa;4083 8497 3002 3654;Chandler Camryn;camrynchandler5973;Camr.CHAN2655@gmail.com;1981-09-13;8296 Woodward;Hampton;United States;23662;VA;(540) 421-8159;Black & Decker Smart Select Linefinder Orbital Jigsaw;;
3423858;540;10317;2013-01-14T08:34:27;visa;4117 0337 5393 8607;Hoover Wesley;weslehoo9045;Wesley.HOOVER1916@yahoo.com;1997-12-12;7914 Magnet;Stockton;United States;95296 ;CA;(918) 190-4415;Black & Decker Matrix Jig Saw Head Attachment;;
3423859;113;10053;2013-01-12T01:02:21;maestro;6759 2516 5401 6285;Mcdonald Amina;aminamcdonald7577;Am.MCDONA5730@yahoo.com;1954-10-24;5483 Mcdermott;Naperville;United States;60487;IL;(906) 993-5550;Rotozip Ss355-10 Rotosaw;The Scotts Company;
3423860;711;10163;2013-01-30T10:27:48;mastercard;5175 9350 0007 6120;Bruce Savannah;savannbruc2145;Savanna.BRUCE2730@yahoo.com;1950-09-25;987 Dan Ryan I57;Chandler;United States;85280;AZ;(936) 134-8768;Black & Decker Matrix Trim Saw Head Attachment;;
3423863;785;10191;2013-01-03T12:14:47;instapayment;6399 3621 1508 4162;Sloan Joanna;joansloan3867;Joa.SLO4814@hushmail.com;1950-01-01;9822 Tripp;Tulsa;United States;74349;OK;(920) 210-0178;Skil 4v Max Lithium-ion Screwdriver;;
3423873;470;10113;2013-01-03T10:16:00;amex;3427 3047 3009 933;Mooney Kenya;kemoone1266;Keny.MOO8623@mail2web.com;1967-09-19;930 Long;Columbus;United States;43231;OH;(848) 417-3993;Bostitch 3/8" Air Ratchet;;
3423880;381;10208;2013-01-02T10:11:01;amex;3768 4419 9817 187;Glass Maritza;maritzaglas5805;Marit.GLASS2213@yahoo.com;1984-03-08;210 Crosby;Montgomery;United States;36188 ;AL;(417) 177-5743;Edsal Heavy-duty Workbench;;
3423882;27;10264;2013-01-06T10:36:34;mastercard;5161 0321 0672 1746;Nixon Abraham;abranixo5269;Abr.NIXON8879@live.com;1969-01-14;7371 Malden;Tampa;United States;33399;FL;(703) 425-6253;Metabo W8-115qwc Compact Class Professional Series Angle Grinder;;
3423883;132;10329;2013-01-23T08:06:58;instapayment;6384 8847 3619 9068;Wilkerson Darnell;darnewilkers9054;Dar.WILKERSO5219@yahoo.com;1958-05-02;8408 Kimball;Jacksonville;United States;32213;FL;(816) 912-0696;Bostitch 2.5 Gallon;;
3423884;823;10187;2013-01-16T07:20:43;maestro;5018 2321 4118 9926;Finley Sienna;siennafinle2221;Sienn.FINLE7585@hushmail.com;1953-12-16;9224 Oakenwald;Oakland;United States;94442;CA;(815) 512-9699;Bostitch 37-piece Quick Load Screwdriving Set;;
3423886;600;10059;2013-01-21T01:50:59;amex;3478 0392 6894 352;Hewitt Dylan;dylahewit8148;Dyla.HEWI9828@mail2web.com;1983-01-30;8559 Jones;Anaheim;United States;92895;CA;(972) 978-8644;Great Neck 4.8v Cordless Screwdriver;;
3423887;647;10345;2013-01-27T10:38:39;amex;3712 5759 1247 280;William Karis;kariswill2458;Kar.WILLIA9134@live.com;1986-09-20;7340 Mankato;Richmond;United States;23211;VA;(385) 907-8410;Skil 7-1/4" 40-tooth Carbide Tipped Circular Saw Blade;;
3423890;298;10174;2013-01-08T11:39:34;maestro;5020 9898 7276 8980;Mitchell Ishaan;ishaamitchel4803;Ishaa.MITCHELL7592@gmail.com;1998-02-10;2275 Arlington;Peoria;United States;61545;IL;(440) 587-7100;Black & Decker Smart Select Linefinder Orbital Jigsaw;;
3423899;473;10244;2013-01-26T06:01:22;instapayment;6387 1831 6958 9193;Mosley Martha;marthmosle3742;Mart.MOS2630@mail2web.com;1974-08-12;7601 State Line;Albuquerque;United States;87268;NM;(802) 593-3378;Black & Decker 5.2a 3.25" Planer Kit;;
3423907;280;10323;2013-01-06T12:12:17;instapayment;6395 1797 0462 1780;Martin Maximilian;maximimartin1846;Maximil.MART4024@yahoo.com;1962-04-16;2028 76th St Ford City;Charleston;United States;29408 ;SC;(515) 846-1255;Black & Decker 18v Cordless Drill Set;;
3423909;705;10307;2013-01-12T10:04:06;visa;4949 4313 5912 6706;Cantrell Ryder;rycantre1685;Ryde.CANTRELL4992@gmail.com;1992-01-18;6542 Columbus Sub;Irving;United States;75044;TX;(862) 892-4504;Black & Decker 56-piece Project Kit With 7.2v Lithium Drill/driver;;
3423911;429;10280;2013-01-25T03:35:02;visa;4261 8463 6673 7221;Ross Marlene;marros9335;Marlene.RO2167@yahoo.com;1961-04-02;65 Dan Ryan Express;Fresno;United States;93224;CA;(857) 150-8522;Black & Decker Random Orbit Sander;;
3423916;459;10215;2013-01-12T10:39:57;visa;4592 5118 9875 2375;Sosa Seamus;seamusos9674;Seamus.SOSA5834@mail2web.com;1971-11-05;41 James;Boise City;United States;83398;ID;(954) 977-6713;Bostitch 1-1/2 Air Pressure Gauge;;
3423918;114;10297;2013-01-19T07:42:11;instapayment;6395 7654 6948 4685;Maldonado Junior;junmaldonad1087;Juni.MALDONADO1655@gmail.com;1967-02-11;3875 Rundell;Anaheim;United States;92892;CA;(747) 263-5709;Black And Decker Platinum 20v Drill/driver With 2 Batteries;;
3423919;838;10015;2013-01-05T05:35:12;visaelectron;4508 3102 6785 8548;Cannon Itzel;itzelcanno7404;Itze.CANNON7754@gmail.com;1969-01-27;6597 Kenton;Lakewood;United States;80223;CO;(352) 984-3447;Bostitch 18v Lithium Drill/impact Combo Kit;;
3423923;296;10276;2013-01-30T11:20:03;maestro;5893 9889 6800 6093;Tucker Lorelei;loreltuck8885;Lore.TUC7474@hushmail.com;1996-03-25;2452 Gettysburg;Buffalo;United States;14246;NY;(321) 847-9672;Black And Decker 3/8" 5-amp Variable Speed Drill With Keyless Chuck;;
3423938;533;10079;2013-01-22T01:49:46;instapayment;6378 5953 9141 8704;Moody Madilynn;madilmood4038;Madily.MOODY3451@hushmail.com;1956-03-09;9862 Jones;Phoenix;United States;85704;AZ;(559) 878-1135;Bostitch Prozhoze;;
3423942;173;10340;2013-01-25T08:03:02;maestro;5893 8531 4267 5504;Navarro Lyla;lylnavar3220;Lyla.NAVARR5646@hushmail.com;1957-07-07;7975 Fillmore;Salem;United States;97346;OR;(754) 329-3125;Dremel Saw-max Tool Kit;;
3423945;106;10231;2013-01-12T02:47:49;instapayment;6378 3875 6014 2152;Mcgee Tabitha;tabithmcgee1340;Tabitha.MC2330@yahoo.com;1962-11-24;4720 Foster;Orlando;United States;32887;FL;(206) 461-1351;Black & Decker 6.0 Amp Accu-trak Saw With Smartselect;;
3423950;133;10207;2013-01-21T03:09:49;mastercard;5580 9667 5230 7982;Rowe Draven;draverow1008;Drav.ROW1873@mail2web.com;1995-03-28;4373 Hollywood;Aurora;United States;80099;CO;(914) 361-6821;I-bond Cordless Hot Glue Gun;;
3423953;49;10014;2013-01-27T04:55:31;maestro;5020 7170 3000 3960;Shepherd Tommy;tomshepherd1528;Tommy.SHEPH2365@live.com;1985-04-25;9681 Dan Ryan Wentworth Av;Chula Vista;United States;91962;CA;(539) 573-5276;Powryte Dual Action Air Sander;;
3423954;564;10242;2013-01-16T06:32:40;visaelectron;4844 5027 3431 5697;Fowler Eli;elfow8669;Eli.FOWL9141@hushmail.com;1997-04-13;1064 Naval Armory;Toledo;United States;43804;OH;(831) 627-5905;Dremel Universal Drywall Jab Saw Blade;;
3423955;50;10336;2013-01-06T03:30:43;visa;4364 6157 8623 6494;Campbell Bronson;bronsoncampbell4952;Bronson.CAMP8630@yahoo.com;1999-03-27;2546 12th;Springfield;United States;65785;MO;(857) 539-8750;Ad Tech Multi-temp Full Size 4" Glue Sticks;;
3423956;208;10110;2013-01-06T02:39:00;mastercard;5545 8929 8205 3457;Wise Peter;petwi5037;Pete.WISE6504@hushmail.com;1957-11-05;6977 Bowen;Anaheim;United States;92847;CA;(971) 443-9701;Bostitch Air Tool Inline Lubricator;;
3423958;811;10336;2013-01-05T05:50:40;amex;3470 4314 8151 824;Mathis Enrique;enriqmath4145;Enri.MATH6155@live.com;1970-10-08;3379 Cherry;Mesa;United States;85216;AZ;(318) 934-6767;Ad Tech Multi-temp Full Size 4" Glue Sticks;;
3423959;560;10074;2013-01-09T04:51:55;visaelectron;4026 6375 5368 2056;Mccullough Skylar;skylamccullo9036;Skylar.MCCULLOUGH9806@gmail.com;1996-03-24;6531 Museum Campus;Gainesville;United States;32607;FL;(813) 558-4578;Black & Decker 5.2 Amp 3/8" Drill And Driver With Storage Bag;;
3423960;587;10286;2013-01-18T07:16:25;mastercard;5595 6117 9663 0956;Sampson Lailah;lailasamp8662;Lailah.SAM6350@hushmail.com;1977-12-29;385 Strong;Montgomery;United States;36114 ;AL;(229) 940-3405;Dremel 160-piece Accessory Kit;;
3423966;344;10191;2013-01-16T02:59:06;maestro;6759 3512 8542 3528;Knowles Conor;conknowl4386;Cono.KNO9541@live.com;1990-07-19;7334 Charles;Peoria;United States;61578;IL;(912) 703-5958;Skil 4v Max Lithium-ion Screwdriver;;
3423972;304;10280;2013-01-27T02:55:14;maestro;5038 4419 9138 1667;Schneider Jordan;jordschnei2835;Jorda.SCHN7771@yahoo.com;1993-12-09;5979 Circle;Birmingham;United States;35025;AL;(573) 889-4677;Black & Decker Random Orbit Sander;;
3423974;561;10285;2013-01-30T09:36:29;instapayment;6378 4208 2694 8482;Clements Julissa;juliclem2317;Juliss.CLEMENTS3643@live.com;1960-10-26;9383 Long;Tallahassee;United States;32388;FL;(754) 934-2839;Bostitch .5" Vsr 2-speed Hammerdrill/drill;;
3423976;524;10131;2013-01-10T10:19:29;visa;4624 0239 6780 1242;Benton Evangeline;evangbenton6043;Evangeli.BENTON7839@yahoo.com;1975-11-13;5730 Ruble;Peoria;United States;85333;AZ;(915) 242-0897;Dremel 8300-01 12v Cordless Multi-max Oscillating Kit;;
3423977;924;10227;2013-01-27T03:50:16;visaelectron;4913 6778 0070 0380;Hooper Giuliana;giuliahooper9161;Giul.HOOP1896@live.com;1991-03-15;2194 Medill;Charlotte;United States;28317;NC;(281) 878-8401;Bostitch 18v Lithium .25" Hex Chuck Impact Driver Kit;;
3423984;998;10306;2013-01-09T12:44:13;amex;3498 2327 2965 679;Sanders Thomas;thosand9993;Thoma.SAND9020@hushmail.com;1960-08-31;9518 Summerdale;Greensboro;United States;27445;NC;(269) 936-0820;Fpc Glue Sticks;;
3423985;838;10267;2013-01-25T05:46:04;mastercard;5443 7337 6763 1526;Cannon Itzel;itzelcanno7404;Itze.CANNON7754@gmail.com;1969-01-27;6597 Kenton;Lakewood;United States;80223;CO;(352) 984-3447;Ad Tech Designer Series Lo Temp Mini Glue Gun;;
3423988;951;10033;2013-01-18T12:41:29;visaelectron;4026 3292 8341 8536;Osborn Alison;alisonosborn9059;Ali.OSB5621@yahoo.com;1953-11-18;8362 Dan Ryan Wentworth Av;St. Louis;United States;63508;MO;(787) 527-2261;Got Air Heavy Duty Portable Air Compressor;;
3423993;140;10231;2013-01-09T09:06:01;amex;3762 5099 2988 656;Stephens Deborah;deborastephens2952;Debor.STEPHEN2593@live.com;1972-02-08;2503 Ohio;Yonkers;United States;10755;NY;(772) 281-5461;Black & Decker 6.0 Amp Accu-trak Saw With Smartselect;;
3423995;633;10243;2013-01-29T02:28:26;maestro;6759 0154 0115 0238;Kidd Cheyanne;cheyki6787;Cheyan.KID7708@live.com;1955-06-14;6409 Hartwell;Lubbock;United States;79988;TX;(830) 349-7651;Bostitch Industrial Air Tool Swivel Plug;;
3424001;783;10022;2013-01-01T07:37:11;visaelectron;4917 4970 5909 3460;Solis Keon;kesol2683;Ke.SOLI6692@mail2web.com;1998-12-13;9809 Indiana;Montgomery;United States;36129 ;AL;(540) 171-9838;Dremel Multi-max Mm40 Tool Kit;;
3424003;576;10015;2013-01-22T10:27:33;visa;4535 3753 1693 1429;Bryant Adyson;adybry4430;Ady.BRY7326@live.com;1988-08-21;1984 Stevenson Ob Dan Ryan;Naperville;United States;60439;IL;(856) 709-7681;Bostitch 18v Lithium Drill/impact Combo Kit;;
3424006;447;10075;2013-01-07T09:28:30;mastercard;5299 0704 9700 0663;Crawford Frances;franccrawfor1536;Fran.CRAWF5943@hushmail.com;1962-04-20;7347 New Hampshire;Tallahassee;United States;32303;FL;(504) 890-3407;Edsal Heavy-duty Steel Workbench;;
3424010;655;10317;2013-01-17T11:42:31;amex;3729 1990 5207 313;Le Jameson;jamel1335;James.L1783@gmail.com;1992-02-01;9101 Stephen A Douglas;Newark;United States;07189;NJ;(423) 269-5264;Black & Decker Matrix Jig Saw Head Attachment;;
3424015;776;10131;2013-01-10T02:13:08;instapayment;6398 0466 9675 5891;Bright Hanna;hannabri8103;Ha.BRIGHT1653@live.com;1972-08-09;9661 Lundy;Hartford;United States;06140;CT;(440) 811-7590;Dremel 8300-01 12v Cordless Multi-max Oscillating Kit;;
3424019;157;10187;2013-01-22T06:22:04;instapayment;6375 6651 8050 5988;Bradshaw Victor;victobradsh2863;Victo.BRADS5031@gmail.com;1960-10-10;492 Allen;Milwaukee;United States;53937;WI;(908) 292-5040;Bostitch 37-piece Quick Load Screwdriving Set;;
3424024;745;10304;2013-01-16T07:08:15;mastercard;5282 8592 9091 3232;Ruiz Maverick;mavericru5900;Maverick.RUIZ3655@mail2web.com;1963-04-02;8995 Pittsburgh;Rockford;United States;61100;IL;(801) 579-1656;Dual-temp Mini Glue Gun Kit;;
3424026;4;10304;2013-01-27T05:56:40;mastercard;5437 4301 2142 7380;Collins Rodolfo;rodcol1595;Rodolfo.COLL9903@live.com;1964-10-03;594 Madison Park;Kent;United States;98011;WA;(814) 406-9281;Dual-temp Mini Glue Gun Kit;;
3424032;528;10052;2013-01-25T10:55:30;maestro;6304 6731 3118 0204;Austin Kaia;kaiaust7986;Kaia.AUST1198@mail2web.com;1960-02-14;1360 Altgeld;Colorado Springs;United States;80488;CO;(208) 681-9733;Black And Decker Pivot Screwdriver;;
3424039;278;10111;2013-01-18T10:52:41;amex;3780 6261 1724 786;Beach Averie;averibeac5854;Averie.BEACH8003@gmail.com;1982-03-13;9732 Cornelia;Oklahoma City;United States;73764;OK;(862) 596-7458;Worx Semi Automatic Sd Driver;;
3424050;854;10103;2013-01-14T05:38:30;visa;4665 6375 2700 2015;Taylor Monica;monitaylo9830;Mon.TAYLOR4050@mail2web.com;1960-05-22;4536 Bonaparte;Oklahoma City;United States;73652;OK;(361) 270-4538;Bostitch 18v Lithium 1/2" Drill/driver Kit;;
3424067;809;10052;2013-01-14T05:00:57;visa;4200 7448 4764 1787;Phelps Selah;selphe2222;Sela.PHE7691@yahoo.com;1987-09-09;2631 Commons;Las Vegas;United States;89251;NV;(740) 867-5029;Black And Decker Pivot Screwdriver;;
3424068;206;10346;2013-01-13T04:56:08;instapayment;6383 9865 3296 7316;Wiley Conor;conorwil5596;Cono.WI2434@mail2web.com;1991-07-11;1317 Haddock;Phoenix;United States;85475;AZ;(321) 751-8224;Black & Decker Lithium Saw;;
3424071;638;10334;2013-01-23T01:08:29;amex;3406 5337 2105 630;Lane Maurice;maurla1432;Mauri.LANE6345@mail2web.com;1986-08-23;8676 Loleta;El Paso;United States;79280;TX;(925) 444-4584;Ad Tech Multi-temp Standard 10" Glue Sticks;;
3424076;462;10104;2013-01-20T11:20:02;instapayment;6393 3461 2143 1117;Head Tristian;tristihe9637;Tristi.HEA4940@gmail.com;1976-11-28;5803 Polk;Salt Lake City;United States;84072;UT;(507) 241-8351;Powryte Air Reciprocating Saw;;
3424086;849;10167;2013-01-13T02:14:06;amex;3482 1061 3054 309;Goodman Lincoln;lincolngood8351;Lin.GOODM5490@mail2web.com;1996-12-08;9066 Campbell Park;West Valley City;United States;84091;UT;(802) 832-9506;Black & Decker 20v Max Lithium Drill/driver;;
3424090;38;10097;2013-01-08T09:07:28;visa;4471 1344 2349 2478;Cook Cali;caco2582;Ca.COOK7428@live.com;1964-07-31;776 Kerfoot;Rochester;United States;14686;NY;(731) 252-3242;Black & Decker 3-speed Rtx Rotary Tool With Bonus Spring Clamps;;
3424091;323;10238;2013-01-19T06:25:30;amex;3744 5005 7437 837;Ross Janiyah;janros6164;Janiya.ROSS2165@mail2web.com;1967-08-23;775 South Water Market;Oxnard;United States;93032;CA;(910) 255-9025;Black & Decker 58-piece Project Kit With 12v Lithium Drill/driver;;
3424095;445;10243;2013-01-26T07:03:55;maestro;6304 3711 7942 8631;England Gabriel;gabengla6618;Gabr.ENGLAN6104@yahoo.com;1978-03-27;1176 Palatine;Winston-salem;United States;27125;NC;(239) 281-0594;Bostitch Industrial Air Tool Swivel Plug;;
3424104;181;10093;2013-01-28T11:04:51;instapayment;6389 8311 4570 1633;Ellis Nyla;nyel4423;Nyla.ELLIS1046@hushmail.com;1988-03-23;8360 Parker;Rochester;United States;14611;NY;(517) 435-1261;Rubbermaid Wall Washer Replacement Pads;;
3424108;904;10306;2013-01-01T01:28:00;amex;3723 1299 4709 078;Oneill Desmond;desmonone5984;Desmon.ONEI1650@yahoo.com;1973-01-14;3650 Edens;Spokane;United States;99263;WA;(248) 683-1219;Fpc Glue Sticks;;
3424112;306;10116;2013-01-20T11:31:44;mastercard;5192 2161 9185 1392;Callahan Rudy;rucallahan4204;Rud.CALLAH1678@gmail.com;1954-03-31;7896 Moe;Kansas City;United States;66046;KS;(570) 661-9577;Bostitch Air Compressor Blowgun;;
3424114;951;10244;2013-01-01T10:03:49;visaelectron;4917 0127 7105 8244;Osborn Alison;alisonosborn9059;Ali.OSB5621@yahoo.com;1953-11-18;8362 Dan Ryan Wentworth Av;St. Louis;United States;63508;MO;(787) 527-2261;Black & Decker 5.2a 3.25" Planer Kit;;
3424115;425;10209;2013-01-14T08:35:20;visa;4966 1618 0452 2286;Hartman Skylar;skylarhartman9530;Skyl.HARTMAN6239@mail2web.com;1983-06-25;5778 Washington Park;Denver;United States;80083;CO;(754) 288-8568;Black & Decker Matrix Sanding Head Attachment;;
3424116;546;10276;2013-01-07T12:23:50;visa;4725 9681 5527 8900;Reyes Crew;crerey7860;Crew.REY4382@mail2web.com;1985-04-27;1390 Naper;Thornton;United States;80227;CO;(608) 560-7121;Black And Decker 3/8" 5-amp Variable Speed Drill With Keyless Chuck;;
3424118;49;10097;2013-01-04T09:27:59;visa;4157 6072 4843 4826;Shepherd Tommy;tomshepherd1528;Tommy.SHEPH2365@live.com;1985-04-25;9681 Dan Ryan Wentworth Av;Chula Vista;United States;91962;CA;(539) 573-5276;Black & Decker 3-speed Rtx Rotary Tool With Bonus Spring Clamps;;
3424123;785;10243;2013-01-13T04:42:08;amex;3737 1926 4943 279;Sloan Joanna;joansloan3867;Joa.SLO4814@hushmail.com;1950-01-01;9822 Tripp;Tulsa;United States;74349;OK;(920) 210-0178;Bostitch Industrial Air Tool Swivel Plug;;
3424125;372;10028;2013-01-13T07:58:15;visaelectron;4175 0080 1986 7237;Gilmore Casey;caseygilm5408;Ca.GILMO8719@live.com;1992-10-04;5373 Mayfield;Clarksville;United States;37076;TN;(878) 619-3505;Black & Decker 1/4 Sheet Finisher Sander;;
3424126;927;10126;2013-01-23T05:06:33;maestro;6761 1224 6137 8513;Webster Aileen;ailwebster5435;Ail.WEBSTE7022@gmail.com;1978-08-15;8421 St Lawrence;Akron;United States;44372;OH;(405) 588-9512;All Purpose Stik Glue Sticks;;
3424132;555;10071;2013-01-06T09:27:15;maestro;6761 6112 1556 6308;Gibbs Jaylee;jaylgib4590;Jaylee.GIBB3418@live.com;1962-09-30;4811 Humboldt;Anaheim;United States;92807;CA;(603) 621-9616;Bostitch 6.5 Amp 3/8" Drill;;
3424135;226;10276;2013-01-19T10:11:31;maestro;5038 7686 2513 4652;Dodson Haylie;hayldodso9187;Hayli.DODS3121@yahoo.com;1986-01-15;8334 Marquette;St. Louis;United States;63961;MO;(813) 694-9330;Black And Decker 3/8" 5-amp Variable Speed Drill With Keyless Chuck;;
3424142;730;10053;2013-01-26T03:32:22;maestro;5020 6702 1882 8619;Singleton Saul;sausingl8903;Sau.SINGL2807@hushmail.com;1972-07-13;6497 Navarre;Norman;United States;73084;OK;(339) 638-6910;Rotozip Ss355-10 Rotosaw;The Scotts Company;
3424143;445;10028;2013-01-04T04:56:11;visa;4586 8383 0371 4478;England Gabriel;gabengla6618;Gabr.ENGLAN6104@yahoo.com;1978-03-27;1176 Palatine;Winston-salem;United States;27125;NC;(239) 281-0594;Black & Decker 1/4 Sheet Finisher Sander;;
3424144;879;10161;2013-01-15T10:37:32;maestro;5018 0644 0966 4591;Horne Kendyl;kendhorne4117;Ken.HOR6947@mail2web.com;1972-02-26;5906 Paxton;Richmond;United States;23271;VA;(479) 577-9475;Skil 4-position Orbital Jigsaw With Laser Guide;;
3424151;65;10022;2013-01-20T10:32:27;mastercard;5449 1892 2029 2659;George Deshawn;deshageorg7028;Desha.GEO5441@yahoo.com;1968-02-27;6183 Riverside;Albuquerque;United States;87506;NM;(347) 148-1255;Dremel Multi-max Mm40 Tool Kit;;
3424152;288;10028;2013-01-16T11:10:18;visaelectron;4913 8279 4382 4106;Barrett Brisa;brbarre7058;Brisa.BARR6613@gmail.com;1965-01-18;1810 Dan Ryan 83rd St;San Diego;United States;92366;CA;(313) 139-5747;Black & Decker 1/4 Sheet Finisher Sander;;
3424158;513;10174;2013-01-12T09:31:30;visaelectron;4026 8681 3576 9521;Hodges Kendrick;kendrichodge3033;Kendri.HODG5183@mail2web.com;1958-12-14;4169 Ridge;Charlotte;United States;28610;NC;(919) 141-6526;Black & Decker Smart Select Linefinder Orbital Jigsaw;;
3424165;851;10329;2013-01-10T10:24:12;instapayment;6378 8238 1686 4066;Koch Lawson;lawsonko3174;Law.KO8082@live.com;1953-06-17;437 Eisenhower Damen Av;Scottsdale;United States;85048;AZ;(727) 933-4755;Bostitch 2.5 Gallon;;
3424167;917;10264;2013-01-30T10:26:40;visa;4705 8805 9893 2247;Byers Ishaan;ishaaby8990;Isha.BYER3723@yahoo.com;1975-02-10;9784 Kennedy Harlem Av Ib;Louisville;United States;40157;KY;(619) 992-1819;Metabo W8-115qwc Compact Class Professional Series Angle Grinder;;
3424170;344;10329;2013-01-20T08:23:38;visaelectron;4844 9397 5281 0656;Knowles Conor;conknowl4386;Cono.KNO9541@live.com;1990-07-19;7334 Charles;Peoria;United States;61578;IL;(912) 703-5958;Bostitch 2.5 Gallon;;
3424175;543;10238;2013-01-05T04:39:08;amex;3787 1592 2056 483;Booth Darnell;darnbooth1301;Dar.BO8866@mail2web.com;1952-03-27;6647 Midway Park;Tucson;United States;85748;AZ;(352) 476-1571;Black & Decker 58-piece Project Kit With 12v Lithium Drill/driver;;
3424176;532;10111;2013-01-02T06:36:40;amex;3762 2977 7326 076;Cain Yesenia;yesenicai1732;Yesenia.CAIN1295@gmail.com;1990-11-20;102 Edgewater;Ann Arbor;United States;48138;MI;(702) 581-2264;Worx Semi Automatic Sd Driver;;
3424177;961;10111;2013-01-12T06:11:50;amex;3750 5169 1000 582;Palmer Westin;wespalm5293;Westi.PALME8672@hushmail.com;1958-09-24;5798 Mcdermott;Anchorage;United States;99827;AK;(702) 918-8282;Worx Semi Automatic Sd Driver;;
3424179;48;10030;2013-01-07T06:23:06;amex;3497 1552 8935 854;Fuentes Itzel;itzfuen8764;It.FUENT8549@gmail.com;1992-01-21;3861 Dan Ryan Ib Canalport Av;Nashville;United States;37011 ;TN;(217) 682-2421;Dremel Universal Carbide Flush Cut Blade;;
3424184;821;10258;2013-01-15T12:14:54;instapayment;6392 2212 2232 0116;Downs Spencer;spencerdown8225;Spenc.DOWN5734@gmail.com;1998-02-24;8158 117th;Detroit;United States;48783;MI;(786) 633-9400;Dual-temp Ultra Glue Gun;;
3424199;883;10139;2013-01-14T11:17:01;amex;3411 8287 3849 123;Pruitt Jaida;japrui6151;Jai.PRUI9030@mail2web.com;1955-12-31;6445 Wood;Joliet;United States;60424;IL;(516) 745-2473;Irwin 30-piece Drive Set;;
3424204;714;10027;2013-01-07T10:52:50;instapayment;6377 7077 7842 1125;Griffin Mitchell;mitcgriffi1664;Mitchell.GRIF2650@mail2web.com;1990-07-18;6866 Paxton;Aurora;United States;80017;CO;(586) 818-8612;Bostitch Gravity Feed Spray Air Gun;;
3424207;63;10163;2013-01-20T06:57:13;visa;4760 6598 9355 7178;Hunter Jayson;jayshunte1166;Jays.HUNT8716@gmail.com;1986-08-02;9035 Jourdan;Aurora;United States;80013;CO;(650) 775-1497;Black & Decker Matrix Trim Saw Head Attachment;;
3424211;763;10186;2013-01-19T12:35:50;visa;4864 5860 0070 0737;Gamble Dexter;dextergamble3546;Dex.GAMB7510@yahoo.com;1950-08-19;2074 67th;Colorado Springs;United States;80419;CO;(774) 154-5159;Swisher 28 Ton 8.75 Gross Torque Log Splitter;;
3424214;818;10216;2013-01-26T12:41:23;maestro;6762 6264 9763 6693;Johnson Melina;melinajohnso2464;Mel.JOHN5443@hushmail.com;1980-01-13;5794 Frontenac;Knoxville;United States;37540;TN;(916) 402-9429;Ad-tech: High-temp Glue Sticks;;
3424217;57;10191;2013-01-29T05:44:59;maestro;5020 0127 4868 3380;Flynn Casen;cafl4149;Casen.FLY3860@live.com;1994-06-05;3178 Marshfield;Little Rock;United States;72137 ;AR;(671) 583-8955;Skil 4v Max Lithium-ion Screwdriver;;
3424221;782;10092;2013-01-11T09:17:12;amex;3767 4762 0458 804;Hahn Pearl;peaha3816;Pe.HAH7759@gmail.com;1995-01-22;1904 39th;Philadelphia;United States;19934;PA;(938) 601-2260;Chicago Power Tools Power Drill Accessory Set;;
3424222;605;10191;2013-01-14T01:58:14;amex;3465 6305 1776 110;Browning Marvin;marvibrownin5016;Mar.BROWNIN3819@gmail.com;1996-09-09;1995 Gregory;Fremont;United States;94587;CA;(619) 298-8746;Skil 4v Max Lithium-ion Screwdriver;;
3424225;244;10244;2013-01-09T08:30:24;visa;4234 7007 7886 6231;Lambert Ally;allylamber3453;All.LAMB2804@yahoo.com;1966-09-20;5469 Forest Preserve;Henderson;United States;89058;NV;(872) 553-1778;Black & Decker 5.2a 3.25" Planer Kit;;
3424229;386;10258;2013-01-15T06:01:14;visa;4588 3261 9173 2800;Clements Bently;bentlyclem9701;Bentl.CLEMENTS5280@gmail.com;1955-08-23;1972 137th;Clarksville;United States;37053;TN;(406) 618-9177;Dual-temp Ultra Glue Gun;;
3424234;210;10033;2013-01-21T01:59:11;visa;4326 2863 3829 1929;Boyd Giovanna;giovannabo8407;Giov.BO4310@gmail.com;1997-11-11;7081 Kennedy Logan Bl;Akron;United States;44321;OH;(304) 375-3981;Got Air Heavy Duty Portable Air Compressor;;
3424238;883;10293;2013-01-14T01:41:16;amex;3460 5233 9086 435;Pruitt Jaida;japrui6151;Jai.PRUI9030@mail2web.com;1955-12-31;6445 Wood;Joliet;United States;60424;IL;(516) 745-2473;Dewalt Dwt-dck212s2 12v Max Drill;;
3424244;657;10209;2013-01-05T12:39:01;visa;4338 7957 8635 9281;Grimes Karly;kagrim2579;Karly.GRIME6080@live.com;1987-11-27;2236 La Salle;Tucson;United States;85604;AZ;(281) 690-8123;Black & Decker Matrix Sanding Head Attachment;;
3424245;331;10307;2013-01-22T01:58:07;amex;3753 8201 7987 156;Allison Brittany;brittall9018;Britt.ALLISON1877@live.com;1965-08-14;355 Loring;Montgomery;United States;36185 ;AL;(703) 720-1938;Black & Decker 56-piece Project Kit With 7.2v Lithium Drill/driver;;
3424247;882;10163;2013-01-13T06:59:08;visa;4446 0899 2191 5325;Duncan Jacob;jacdunc3340;Ja.DUNCA3155@live.com;1990-03-13;88 Stevenson King Dr;Anchorage;United States;99166;AK;(808) 736-5260;Black & Decker Matrix Trim Saw Head Attachment;;
3424248;628;10029;2013-01-30T09:35:03;visaelectron;4026 4589 5348 3619;Combs Izaiah;izaiahcom4177;Izai.COMB3218@mail2web.com;1950-02-17;9963 Manor;Hartford;United States;06190;CT;(713) 958-7279;Skil 360 Quick-select 4v Max 1.5ah Lithium-ion Screwdriver;;
3424249;515;10094;2013-01-21T01:05:12;visa;4818 4728 4439 0737;Rodgers Grace;grarod3495;Grac.RODGERS2704@gmail.com;1966-01-29;5979 Eriksen;Jersey City;United States;07197;NJ;(331) 525-6002;Dewalt Dcf610s2r Drills / Drivers ;;
3424256;895;10139;2013-01-20T03:47:34;visaelectron;4175 0096 7449 1909;Mcdaniel Joel;jomcdaniel3907;Jo.MCDANIE2707@hushmail.com;1999-01-19;4931 Butler;Tacoma;United States;98054;WA;(414) 407-3663;Irwin 30-piece Drive Set;;
3424258;232;10040;2013-01-13T09:20:06;maestro;5018 0063 7172 6072;Barrera Paul;paubarrera6880;Pa.BARRE5207@gmail.com;1958-04-05;2095 Ewing;Chandler;United States;85205;AZ;(207) 685-4899;Hitachi 18-volt Lithium-ion Cordless Impact Driver;;
3424260;539;10157;2013-01-25T09:13:16;visaelectron;4917 1551 5901 2190;Nichols Lyla;lylanicho4325;Lyl.NICHO8708@gmail.com;1984-07-26;4900 Crest Line;Spokane;United States;99233;WA;(318) 933-1996;Bostitch 29-piece Screwdriving Set;;
3424261;291;10110;2013-01-01T02:29:51;mastercard;5411 2696 3692 9286;Hughes Christina;christihughes8880;Christi.HUG4254@mail2web.com;1962-03-30;1378 Haddock;Garland;United States;75576;TX;(318) 335-5154;Bostitch Air Tool Inline Lubricator;;
3424268;563;10250;2013-01-07T08:18:29;mastercard;5407 0819 4929 4647;Bridges Dorian;doribri2496;Dori.BRID3536@live.com;1953-12-10;8971 66th;Surprise;United States;85339;AZ;(830) 250-2802;Black And Decker 3.6 Volt Lithium Ion Screwdriver;;
3424269;501;10090;2013-01-15T09:50:05;maestro;6763 2232 5291 1492;Walsh Hayleigh;haylewalsh6967;Hayl.WA4944@yahoo.com;1976-09-19;9487 Markham;Manchester;United States;03105;NH;(402) 284-5102;Powryte 3/8" Air Impact Wrench;;
3424270;397;10069;2013-01-07T09:59:54;maestro;5018 8626 0323 4099;Riggs Kristian;kristianrig9613;Kristian.RIGGS7962@live.com;1977-04-26;1376 Dan Ryan 43rd St;Hampton;United States;23612;VA;(551) 204-3310;Black & Decker 7-1/4" 15-amp Circular Saw;;
3424273;401;10280;2013-01-01T09:15:36;instapayment;6388 5389 7478 5295;Bridges Francesca;francescbri4607;Francesca.BRIDG3564@mail2web.com;1999-08-07;2767 Plainfield;Norfolk;United States;23523;VA;(214) 732-0498;Black & Decker Random Orbit Sander;;
3424276;579;10177;2013-01-10T08:56:42;amex;3475 8275 4968 880;Durham Jesus;jesusdur2157;Je.DURHA3391@gmail.com;1955-09-03;6958 Monsignor Mcelligott;Evansville;United States;47752;IN;(434) 778-8274;Skil 120v 1-3/4 Hp Fixed Base Router;;
3424278;45;10317;2013-01-06T07:56:54;visaelectron;4175 0068 1829 8216;Sheppard Jaelyn;jaelyshepp9356;Jae.SHEPPAR1153@gmail.com;1985-05-24;5621 Solidarity;Memphis;United States;38186;TN;(908) 264-6217;Black & Decker Matrix Jig Saw Head Attachment;;
3424284;78;10346;2013-01-30T07:44:18;visaelectron;4508 6750 4879 1899;House Zain;zahous5831;Zain.HO8245@hushmail.com;1979-02-24;2249 Bradley;Louisville;United States;40074;KY;(307) 257-7697;Black & Decker Lithium Saw;;
3424289;190;10035;2013-01-01T10:18:07;visaelectron;4026 7658 6603 9167;Hale Quintin;quintinhale6503;Qui.HA8984@live.com;1970-01-08;4006 Talcott;Fayetteville;United States;72712;NC;(929) 247-7230;Stanley Fatmax 7a Hammer Drill;;
3424291;361;10216;2013-01-02T03:25:12;maestro;6761 4983 9051 6690;Ballard Tiana;tianballa7765;Tian.BALLARD4774@live.com;1992-02-02;5018 Parker;Las Vegas;United States;89210;NV;(410) 359-0521;Ad-tech: High-temp Glue Sticks;;
3424292;724;10257;2013-01-11T10:48:17;instapayment;6390 2684 4054 1561;Vang Ariana;ariavan8828;Aria.VAN5859@gmail.com;1983-07-29;2631 Huntington;Los Angeles;United States;90651;CA;(701) 661-0597;Bostitch Low-profile Paper Tape Framing Nailer;;
3424293;159;10115;2013-01-28T07:13:07;instapayment;6398 7445 2963 4974;Lee Alannah;alannahle8794;Alanna.LEE7019@yahoo.com;1998-01-04;6120 I55 Kedzie Av;Norman;United States;73032;OK;(636) 761-3883;Lincoln Industrial Grease Gun Cordless With Case;;
3424296;731;10066;2013-01-12T05:16:44;mastercard;5204 9149 1672 8723;Kim Matthias;matthiakim5004;Matthi.KIM5209@yahoo.com;1991-07-10;30 Belmont Harbor;Syracuse;United States;13201;NY;(908) 160-8166;Black & Decker 2.4v Direct Plug Screwdriver;;
3424298;594;10286;2013-01-15T10:56:10;instapayment;6377 2170 6073 2361;Stevens Sara;sasteven2156;Sara.STEVENS2018@yahoo.com;1992-07-06;3591 Kingsdale;Arlington;United States;76797;TX;(973) 897-0879;Dremel 160-piece Accessory Kit;;
3424308;97;10117;2013-01-22T10:36:41;visa;4314 5948 2998 6442;Hunter Davion;davihunt1426;Davion.HUNTE8793@hushmail.com;1986-05-09;8890 I55 Kedzie Av;Shreveport;United States;71183;LA;(501) 312-6712;Speare Tools Adjustable Quick-cutter Hole Saw;;
3424310;474;10053;2013-01-16T06:40:54;visaelectron;4026 9313 5055 2277;Lopez Kinsley;kinsllopez3899;Kinsle.LOPEZ9245@hushmail.com;1974-10-13;3786 La Salle Dr;San Jose;United States;95455;CA;(334) 876-2072;Rotozip Ss355-10 Rotosaw;The Scotts Company;
3424311;361;10027;2013-01-10T01:18:54;visaelectron;4175 0077 1847 7819;Ballard Tiana;tianballa7765;Tian.BALLARD4774@live.com;1992-02-02;5018 Parker;Las Vegas;United States;89210;NV;(410) 359-0521;Bostitch Gravity Feed Spray Air Gun;;
3424315;882;10089;2013-01-02T11:39:34;visaelectron;4026 7126 2169 7004;Duncan Jacob;jacdunc3340;Ja.DUNCA3155@live.com;1990-03-13;88 Stevenson King Dr;Anchorage;United States;99166;AK;(808) 736-5260;Bostitch 100 Ft Air Compressor Hose Prozhoze;;
3424318;285;10059;2013-01-27T04:06:49;visa;4071 5011 4792 9775;Francis Quincy;quifran8419;Quincy.FRA4496@hushmail.com;1982-04-24;4323 Stockton;Salem;United States;97332;OR;(539) 668-3112;Great Neck 4.8v Cordless Screwdriver;;
3424325;975;10079;2013-01-08T12:34:01;visaelectron;4508 2642 4840 2795;Gould Grayson;graysogou4603;Gra.GO7495@yahoo.com;1970-09-20;3805 Douglas;Oxnard;United States;93058;CA;(310) 513-6945;Bostitch Prozhoze;;
3424331;548;10161;2013-01-05T01:48:27;visaelectron;4844 9141 3134 3778;Reynolds Dalton;daltoreynolds4123;Dal.REYNOLDS5804@mail2web.com;1999-07-22;5805 Harrison;Fort Worth;United States;76457;TX;(701) 144-9022;Skil 4-position Orbital Jigsaw With Laser Guide;;
3424333;973;10334;2013-01-08T12:23:30;instapayment;6381 3961 6908 5139;Cunningham Felipe;felipecunnin3805;Felip.CUNNINGHA5816@hushmail.com;1976-01-28;8340 I55 Damen Av;Indianapolis;United States;46643;IN;(479) 141-5034;Ad Tech Multi-temp Standard 10" Glue Sticks;;
3424334;721;10257;2013-01-13T07:21:47;maestro;5038 0321 1282 5607;Flores Jacob;jacflo6908;Jaco.FLORE3429@yahoo.com;1981-05-11;1678 Lawndale;Lubbock;United States;79633;TX;(219) 851-7654;Bostitch Low-profile Paper Tape Framing Nailer;;
3424335;976;10178;2013-01-27T12:26:41;visa;4530 9449 6565 9717;Tillman Kason;katil2131;Kason.TILLM9412@gmail.com;1998-06-02;2810 83rd;Minneapolis;United States;55700;MN;(615) 369-1112;Bostitch 6 Gallon;;
3424338;14;10110;2013-01-28T06:06:54;amex;3407 5040 5616 094;Foley Alyvia;alyvfole9402;Alyvi.FOL1547@hushmail.com;1962-09-16;8190 Kenosha;Aurora;United States;60566;IL;(269) 457-1165;Bostitch Air Tool Inline Lubricator;;
3424341;277;10075;2013-01-28T05:28:19;visa;4321 2130 0328 0362;May Camilo;camilm6554;Cami.M4500@gmail.com;1970-06-08;3732 Lotus;Fort Collins;United States;80523;CO;(612) 905-0585;Edsal Heavy-duty Steel Workbench;;
3424343;863;10075;2013-01-21T09:30:09;amex;3727 4184 2681 800;Dale Phillip;phillipda8203;Phill.DALE2103@yahoo.com;1988-11-07;3664 Waller;Springfield;United States;01187;MA;(614) 416-3167;Edsal Heavy-duty Steel Workbench;;
3424344;267;10231;2013-01-29T07:33:17;maestro;5020 5680 3277 4060;Alvarez River;rialv7239;Riv.ALVAREZ2395@hushmail.com;1978-04-14;5125 Minnetonka;Buffalo;United States;14296;NY;(469) 186-8698;Black & Decker 6.0 Amp Accu-trak Saw With Smartselect;;
3424346;828;10090;2013-01-07T04:18:01;visa;4299 5728 9855 8648;Howe Jessie;jesshowe9905;Jes.HOWE5283@hushmail.com;1972-08-30;3716 Crowell;Overland Park;United States;66258;KS;(915) 519-7640;Powryte 3/8" Air Impact Wrench;;
3424348;108;10031;2013-01-30T03:11:06;mastercard;5107 0135 3890 0386;Mosley Paola;paolamosl8363;Paol.MOSL2165@mail2web.com;1977-06-07;5827 Lsd 47th St;Bellevue;United States;98067;WA;(770) 190-9208;Black & Decker 20-volt Matrix Drill;;
3424349;185;10040;2013-01-20T04:11:11;amex;3410 2894 8246 128;Cote Clara;claracot7265;Clar.COT5750@gmail.com;1980-09-22;7269 Long;Jackson;United States;49273;MI;(314) 691-5590;Hitachi 18-volt Lithium-ion Cordless Impact Driver;;
3424351;541;10052;2013-01-14T02:23:54;amex;3411 4728 3975 040;Beach Kristopher;kristopherbea4052;Krist.BEAC2992@yahoo.com;1979-09-06;1921 Juneway;Dallas;United States;75024;TX;(815) 759-0644;Black And Decker Pivot Screwdriver;;
3424352;210;10117;2013-01-26T07:19:18;maestro;6763 6129 0714 7561;Boyd Giovanna;giovannabo8407;Giov.BO4310@gmail.com;1997-11-11;7081 Kennedy Logan Bl;Akron;United States;44321;OH;(304) 375-3981;Speare Tools Adjustable Quick-cutter Hole Saw;;
3424355;387;10264;2013-01-24T09:00:15;visa;4785 5331 5945 2930;Espinoza Dustin;dusespino6336;Dusti.ESPINOZA1857@live.com;1984-05-26;9291 Luis Munoz Marin;Irvine;United States;92613;CA;(386) 717-7717;Metabo W8-115qwc Compact Class Professional Series Angle Grinder;;
3424357;784;10035;2013-01-05T07:29:22;amex;3725 4184 3300 263;Obrien Dante;danteobr7391;Dant.OBR4966@hushmail.com;1994-06-16;3269 133rd;Boise City;United States;83608;ID;(417) 739-1592;Stanley Fatmax 7a Hammer Drill;;
3424361;822;10253;2013-01-26T02:42:58;amex;3492 5237 9133 199;Carey Zoey;zoeyca9718;Zo.CAREY5111@yahoo.com;1964-07-08;5645 Noble;Plano;United States;75233;TX;(843) 568-7067;Black & Decker 16v Max Lithium Cordless Driver/drill With Exposed Gear Box;;
3424371;880;10306;2013-01-12T06:56:54;amex;3777 8028 8371 331;Evans Derick;derickeva6432;Deric.EVANS3687@live.com;1980-02-27;3524 Sacramento;Des Moines;United States;50321;IA;(423) 593-6140;Fpc Glue Sticks;;
3424372;901;10052;2013-01-05T10:19:52;mastercard;5186 7602 4644 2200;Baxter Ayaan;ayaanbax5994;Ay.BAXTER1421@live.com;1969-05-12;4131 Lsd Fullerton Av;Amarillo;United States;79177;TX;(614) 357-9039;Black And Decker Pivot Screwdriver;;
3424376;685;10177;2013-01-30T05:39:24;instapayment;6375 6059 0263 6430;Cook Chad;chadco8912;Ch.CO1543@gmail.com;1979-10-10;3729 Leclaire;Fremont;United States;94561;CA;(229) 719-6937;Skil 120v 1-3/4 Hp Fixed Base Router;;
3424392;750;10063;2013-01-11T05:58:47;instapayment;6392 9196 7380 5259;Chang Haleigh;haleighchang1728;Haleigh.CHANG6284@gmail.com;1976-08-24;5742 Edward;Plano;United States;75446;TX;(954) 187-0306;Dremel Multi-vise;;
3424401;929;10346;2013-01-07T08:00:26;mastercard;5226 5201 0851 4195;Salinas Brycen;brycsalina3035;Bryce.SALIN5288@gmail.com;1981-05-19;4536 Morgan;Boise City;United States;83088;ID;(703) 709-8513;Black & Decker Lithium Saw;;
3424403;263;10178;2013-01-14T07:16:37;mastercard;5578 6533 8412 3813;Farmer Eloise;eloisefar7738;Eloi.FAR1393@live.com;1950-11-29;3824 88th;Mesa;United States;85048;AZ;(915) 525-2430;Bostitch 6 Gallon;;
3424405;877;10014;2013-01-03T04:23:05;maestro;6759 1863 5163 0048;Kerr Patricia;patricker7551;Patric.KE8884@live.com;1970-02-07;1825 Randolph Sub;Spokane;United States;99235;WA;(419) 480-8781;Powryte Dual Action Air Sander;;
3424407;848;10191;2013-01-19T05:57:48;mastercard;5486 5993 5777 8904;Curtis Tyrell;tyrellcurtis7976;Tyrel.CURTIS5227@hushmail.com;1989-11-15;8020 Kennedy Ohio Feeder;Lexington;United States;405096;KY;(215) 779-4593;Skil 4v Max Lithium-ion Screwdriver;;
3424410;851;10329;2013-01-05T01:16:06;amex;3478 8940 5668 847;Koch Lawson;lawsonko3174;Law.KO8082@live.com;1953-06-17;437 Eisenhower Damen Av;Scottsdale;United States;85048;AZ;(727) 933-4755;Bostitch 2.5 Gallon;;
3424423;202;10286;2013-01-27T04:06:01;visa;4130 0115 3792 8907;Peters Giovani;giovpeter1602;Giov.PETERS7930@yahoo.com;1954-07-11;1152 Orange;Springfield;United States;01155;MA;(929) 226-5742;Dremel 160-piece Accessory Kit;;
3424424;329;10187;2013-01-24T05:55:12;visaelectron;4026 9691 4858 5290;Carr Davon;davoncarr1000;Da.CAR5687@hushmail.com;1999-03-31;2693 Fern;Hialeah;United States;33069;FL;(501) 998-9035;Bostitch 37-piece Quick Load Screwdriving Set;;
3424425;122;10285;2013-01-26T08:24:25;mastercard;5315 2913 1987 1525;Mason Adyson;adymason8104;Ady.MASO5118@yahoo.com;1955-08-19;6566 Margate;Surprise;United States;85356;AZ;(724) 410-2252;Bostitch .5" Vsr 2-speed Hammerdrill/drill;;
3424426;511;10097;2013-01-18T05:59:54;visa;4085 3232 3754 7860;William Journey;journwilli8499;Journey.WILL8782@hushmail.com;1980-04-18;8934 Illinois Lower;Lansing;United States;48856;MI;(410) 266-8953;Black & Decker 3-speed Rtx Rotary Tool With Bonus Spring Clamps;;
3424430;849;10345;2013-01-28T08:38:50;visaelectron;4844 6596 0963 5292;Goodman Lincoln;lincolngood8351;Lin.GOODM5490@mail2web.com;1996-12-08;9066 Campbell Park;West Valley City;United States;84091;UT;(802) 832-9506;Skil 7-1/4" 40-tooth Carbide Tipped Circular Saw Blade;;
3424431;644;10243;2013-01-07T03:53:00;visa;4648 8390 3130 0446;Erickson Paityn;paitynericks4112;Paityn.ERICKSON5842@live.com;1969-01-17;9429 Lsd Grand Av;Milwaukee;United States;53320;WI;(330) 975-3928;Bostitch Industrial Air Tool Swivel Plug;;
3424433;877;10304;2013-01-10T09:24:06;maestro;5018 8767 2206 5929;Kerr Patricia;patricker7551;Patric.KE8884@live.com;1970-02-07;1825 Randolph Sub;Spokane;United States;99235;WA;(419) 480-8781;Dual-temp Mini Glue Gun Kit;;
3424434;314;10114;2013-01-03T06:41:01;maestro;6762 9930 6199 9281;Randall Priscilla;priscirand7732;Pris.RAND2298@yahoo.com;1960-02-25;7896 Rosedale;Sterling Heights;United States;48318;MI;(605) 208-6333;Black & Decker 16" 3.4 Amp Powered Handsaw With Storage Bag;;
3424436;280;10215;2013-01-12T12:04:01;mastercard;5392 7349 5097 0920;Martin Maximilian;maximimartin1846;Maximil.MART4024@yahoo.com;1962-04-16;2028 76th St Ford City;Charleston;United States;29408 ;SC;(515) 846-1255;Bostitch 1-1/2 Air Pressure Gauge;;
3424438;187;10258;2013-01-17T07:42:33;visaelectron;4508 1060 3192 1830;Montoya Nova;novamont6095;No.MONTOYA4534@yahoo.com;1956-09-29;6142 Victoria;Washington;United States;20464;DC;(732) 867-7497;Dual-temp Ultra Glue Gun;;
3424442;905;10094;2013-01-22T11:23:50;visaelectron;4917 4572 9888 3212;Bauer Nico;nicbauer3270;Nico.BAUE7755@live.com;1977-01-08;903 Albany;Austin;United States;78386;TX;(215) 616-5576;Dewalt Dcf610s2r Drills / Drivers ;;
3424443;414;10075;2013-01-07T12:29:19;mastercard;5565 4830 6793 7379;Holder Kynlee;kynlholde6588;Kynlee.HOL9364@live.com;1980-01-16;9608 Schraeder;Hialeah;United States;33033;FL;(770) 619-8728;Edsal Heavy-duty Steel Workbench;;
3424446;485;10030;2013-01-11T10:12:55;mastercard;5291 7769 0870 1057;Kinney Chase;chakinne9003;Chas.KINNE4012@live.com;1978-01-17;2973 Dr Martin Luther King Jr;Allentown;United States;18190;PA;(802) 638-2162;Dremel Universal Carbide Flush Cut Blade;;
3424451;669;10348;2013-01-13T07:16:51;amex;3406 4149 2219 639;Lewis Alessandra;alessandrlewi8060;Alessa.LE4660@live.com;1955-12-23;5814 Cleveland;Eugene;United States;97478;OR;(219) 332-5825;Black And Decker 1/2" 7-amp Variable Speed Drill;;
3424452;887;10187;2013-01-14T01:42:00;instapayment;6389 5377 4927 9963;Glover Ashtyn;ashtynglov9155;Ash.GLO2211@mail2web.com;1979-04-02;8176 Sedgwick;Colorado Springs;United States;80433;CO;(207) 618-2652;Bostitch 37-piece Quick Load Screwdriving Set;;
3424453;139;10126;2013-01-25T07:32:45;maestro;6763 6851 6617 8055;Stanley Gage;gagstan2981;Gage.STA7049@yahoo.com;1965-11-22;9359 Loris;St. Louis;United States;63623;MO;(201) 502-5802;All Purpose Stik Glue Sticks;;
3424454;14;10069;2013-01-30T01:32:20;mastercard;5389 1772 4908 9711;Foley Alyvia;alyvfole9402;Alyvi.FOL1547@hushmail.com;1962-09-16;8190 Kenosha;Aurora;United States;60566;IL;(269) 457-1165;Black & Decker 7-1/4" 15-amp Circular Saw;;
3424457;282;10027;2013-01-30T03:00:32;amex;3727 5114 3464 012;Manning Penelope;penelopmannin1491;Pene.MANNIN9565@gmail.com;1988-01-28;5216 Howard;Gainesville;United States;32649;FL;(715) 303-3704;Bostitch Gravity Feed Spray Air Gun;;
3424459;557;10187;2013-01-04T06:52:17;instapayment;6375 7601 1362 5951;Mckenzie Keyla;kemckenzi2210;Key.MCKE5950@gmail.com;1969-10-02;9713 Osceola;Provo;United States;84080;UT;(410) 219-2927;Bostitch 37-piece Quick Load Screwdriving Set;;
3424460;713;10035;2013-01-19T05:18:02;visa;4562 1784 8739 5150;Sears Isla;islsears6039;Is.SEA9046@gmail.com;1998-09-05;5787 Drexel Square;Cincinnati;United States;45287;OH;(520) 500-1636;Stanley Fatmax 7a Hammer Drill;;
3424466;329;10116;2013-01-10T12:52:21;mastercard;5372 7755 1640 9824;Carr Davon;davoncarr1000;Da.CAR5687@hushmail.com;1999-03-31;2693 Fern;Hialeah;United States;33069;FL;(501) 998-9035;Bostitch Air Compressor Blowgun;;
3424467;711;10131;2013-01-30T06:04:50;visa;4020 2642 0241 1740;Bruce Savannah;savannbruc2145;Savanna.BRUCE2730@yahoo.com;1950-09-25;987 Dan Ryan I57;Chandler;United States;85280;AZ;(936) 134-8768;Dremel 8300-01 12v Cordless Multi-max Oscillating Kit;;
3424469;106;10178;2013-01-10T10:34:38;instapayment;6388 1750 2793 3265;Mcgee Tabitha;tabithmcgee1340;Tabitha.MC2330@yahoo.com;1962-11-24;4720 Foster;Orlando;United States;32887;FL;(206) 461-1351;Bostitch 6 Gallon;;
3424470;998;10297;2013-01-21T02:48:05;amex;3702 5499 5656 233;Sanders Thomas;thosand9993;Thoma.SAND9020@hushmail.com;1960-08-31;9518 Summerdale;Greensboro;United States;27445;NC;(269) 936-0820;Black And Decker Platinum 20v Drill/driver With 2 Batteries;;
3424477;836;10207;2013-01-10T05:26:35;amex;3461 7279 8655 866;Fuller Kaleigh;kaleighfull2063;Kaleigh.FULL1924@gmail.com;1980-08-25;8101 Ob Dan Ryan;Mobile;United States;36643;AL;(619) 626-3190;I-bond Cordless Hot Glue Gun;;
3424487;571;10075;2013-01-27T09:32:54;maestro;5020 8184 0048 5272;Gay Braeden;braedenga2372;Bra.GAY9522@live.com;1958-10-18;6393 Lawrence;San Francisco;United States;94372;CA;(561) 231-4820;Edsal Heavy-duty Steel Workbench;;
3424489;783;10277;2013-01-11T08:03:50;amex;3416 1038 5023 654;Solis Keon;kesol2683;Ke.SOLI6692@mail2web.com;1998-12-13;9809 Indiana;Montgomery;United States;36129 ;AL;(540) 171-9838;Cadet 66" Work Surface;;
3424490;395;10079;2013-01-04T11:22:06;mastercard;5172 9885 7255 1650;Walter Branden;brawalter3760;Bra.WALT7524@gmail.com;1992-07-11;9806 Westgate;Shreveport;United States;71125;LA;(423) 955-3314;Bostitch Prozhoze;;
3424492;123;10182;2013-01-23T05:50:27;visa;4513 7944 9480 9924;Bridges Dimitri;dimitbridge8258;Dimi.BRIDGES9443@yahoo.com;1977-01-09;7414 Race;Oklahoma City;United States;73809;OK;(518) 233-9219;Imaginisce I-bond Mini Glue Sticks;;
3424494;241;10033;2013-01-05T12:42:24;maestro;6762 5934 5821 9192;Coffey Erika;ercoffey6995;Erika.COFFE8739@live.com;1950-02-13;9048 Grace;Grand Rapids;United States;49504;MI;(615) 585-6204;Got Air Heavy Duty Portable Air Compressor;;
3424495;975;10336;2013-01-01T08:03:48;visaelectron;4175 0027 3192 3758;Gould Grayson;graysogou4603;Gra.GO7495@yahoo.com;1970-09-20;3805 Douglas;Oxnard;United States;93058;CA;(310) 513-6945;Ad Tech Multi-temp Full Size 4" Glue Sticks;;
3424499;116;10203;2013-01-25T12:26:26;visaelectron;4175 0099 4492 6072;Albert Ingrid;ingalb8306;Ingri.ALB6123@hushmail.com;1996-10-20;5630 Chelsea;Sioux Falls;United States;57018;SD;(201) 470-1700;Dremel 7-piece Saw-max Cutting Kit;;
3424509;303;10139;2013-01-07T08:07:53;amex;3434 2794 2943 342;Wright Bree;brewri8713;Bre.WRIGHT9729@hushmail.com;1983-08-11;8128 Loron;Hialeah;United States;33043;FL;(203) 368-2942;Irwin 30-piece Drive Set;;
3424512;620;10208;2013-01-07T08:45:16;maestro;5018 9952 4849 8180;Nielsen Felicity;felicityniel6610;Felicit.NIE7766@hushmail.com;1958-01-20;1999 Ottawa;Colorado Springs;United States;80105;CO;(208) 170-9132;Edsal Heavy-duty Workbench;;
3424516;219;10093;2013-01-15T02:02:55;visa;4865 6179 5360 3740;Ashley Esperanza;esperanashl1463;Espera.ASHL2773@live.com;1986-08-18;5029 Marine;Washington;United States;20663;DC;(716) 309-6717;Rubbermaid Wall Washer Replacement Pads;;
3424517;526;10110;2013-01-21T01:30:21;amex;3780 7145 2700 631;Fox Alissa;alissaf7663;Aliss.F3502@gmail.com;1967-09-02;3246 Dan Ryan Express;Sioux Falls;United States;57045;SD;(671) 152-7478;Bostitch Air Tool Inline Lubricator;;
3424525;740;10243;2013-01-12T04:57:02;instapayment;6389 1270 2098 8308;Pennington Eloise;elopenningto6698;Elo.PENNI4593@yahoo.com;1952-07-31;8977 Elliott;Boise City;United States;83552;ID;(551) 626-5996;Bostitch Industrial Air Tool Swivel Plug;;
3424529;138;10079;2013-01-20T10:48:11;instapayment;6377 0364 7618 8160;Small Brianna;briannsmal7098;Brian.SM9689@live.com;1988-04-15;1828 Bowler;Minneapolis;United States;55756;MN;(314) 966-3100;Bostitch Prozhoze;;
3424532;473;10182;2013-01-17T02:42:35;maestro;6759 3661 2026 8565;Mosley Martha;marthmosle3742;Mart.MOS2630@mail2web.com;1974-08-12;7601 State Line;Albuquerque;United States;87268;NM;(802) 593-3378;Imaginisce I-bond Mini Glue Sticks;;
3424537;403;10161;2013-01-10T05:48:44;maestro;6761 6828 7474 5459;Hansen Autumn;autuhan6434;Autumn.HANSE9268@gmail.com;1968-05-11;7083 Kruger;New Orleans;United States;70224;LA;(708) 593-4131;Skil 4-position Orbital Jigsaw With Laser Guide;;
3424538;422;10286;2013-01-02T04:49:38;visaelectron;4917 2928 8547 9870;Patton Larissa;laripatton5857;Laris.PATT3130@yahoo.com;1996-03-04;1404 Chicago Skyway 87th St;Charleston;United States;29403 ;SC;(215) 682-5901;Dremel 160-piece Accessory Kit;;
3424542;206;10208;2013-01-20T09:29:35;mastercard;5476 7635 4238 1097;Wiley Conor;conorwil5596;Cono.WI2434@mail2web.com;1991-07-11;1317 Haddock;Phoenix;United States;85475;AZ;(321) 751-8224;Edsal Heavy-duty Workbench;;
3424546;192;10297;2013-01-06T01:44:55;visa;4142 8452 9275 4743;Walker Houston;houstowalker2941;Houston.WALKER6870@gmail.com;1981-09-23;4768 Luella;Sioux Falls;United States;57067;SD;(513) 321-3759;Black And Decker Platinum 20v Drill/driver With 2 Batteries;;
3424551;169;10171;2013-01-05T04:08:53;maestro;6304 6731 3157 6765;Pope Skyler;skypope8818;Sky.POP7971@hushmail.com;1957-12-13;1476 Governors;Boise City;United States;83510;ID;(539) 441-7328;Lincoln Lubrication Ac2440 120-volt Corded Grease Gun;Becton;
3424554;500;10053;2013-01-19T04:22:38;mastercard;5392 9503 1141 0410;Gross Callen;calgros4092;Call.GROS6908@gmail.com;1966-01-20;8695 Hood;Colorado Springs;United States;80764;CO;(539) 240-9697;Rotozip Ss355-10 Rotosaw;The Scotts Company;
3424556;919;10146;2013-01-26T11:01:37;instapayment;6394 6334 2411 8171;Lamb Amelia;amelilamb6646;Ame.LA9228@hushmail.com;1951-02-23;2325 Cermak;Orlando;United States;32864;FL;(208) 319-3966;Irwin 7-piece Drive Set;;
3424557;171;10320;2013-01-18T04:18:01;amex;3745 6490 3852 666;Walters Kaleigh;kaleighwal8062;Kale.WALTER6857@gmail.com;1965-07-19;3629 Drexel Square;Chesapeake;United States;23334;VA;(315) 775-5713;Dremel 8v Max Cordless Rotary Tool;;
3424558;888;10111;2013-01-23T03:56:35;maestro;5893 0589 9775 8930;Jensen Jefferson;jeffejensen5785;Jefferson.JEN9917@gmail.com;1957-03-23;7861 Oakley;Paterson;United States;07525;NJ;(718) 786-2052;Worx Semi Automatic Sd Driver;;
3424559;807;10280;2013-01-17T04:57:23;instapayment;6388 7325 7876 1501;Bonner Camden;camdenbonne4585;Camden.BON3230@hushmail.com;1968-04-24;2670 Cannon;North Las Vegas;United States;89863 ;NV;(985) 147-0837;Black & Decker Random Orbit Sander;;
3424562;431;10030;2013-01-28T09:53:00;visaelectron;4175 0023 5603 4584;Larson Henry;henrlarson2443;Hen.LARSO9552@hushmail.com;1995-03-02;7884 Farrar;Corpus Christi;United States;78505;TX;(762) 409-3987;Dremel Universal Carbide Flush Cut Blade;;
3424565;555;10040;2013-01-15T09:02:53;visa;4452 7829 6553 7143;Gibbs Jaylee;jaylgib4590;Jaylee.GIBB3418@live.com;1962-09-30;4811 Humboldt;Anaheim;United States;92807;CA;(603) 621-9616;Hitachi 18-volt Lithium-ion Cordless Impact Driver;;
3424567;504;10181;2013-01-26T09:36:53;visa;4479 7296 4236 4457;Velez Konner;konnvele8987;Konner.VE5243@hushmail.com;1976-05-25;4218 Greenwood;Norman;United States;73013;OK;(941) 115-2150;Bostitch 7 Amp 4.5" Angle Grinder;;
3424578;271;10161;2013-01-16T08:07:34;mastercard;5231 4095 2214 3265;Kemp Anders;andkemp5640;Ande.KE7454@hushmail.com;1952-06-04;1103 Garfield Square;Cedar Rapids;United States;52224;IA;(574) 369-8062;Skil 4-position Orbital Jigsaw With Laser Guide;;
3424580;737;10029;2013-01-07T05:52:32;amex;3724 8031 6242 613;Bell Nathaniel;nathabell8282;Nathani.BEL3732@mail2web.com;1990-05-18;6210 Columbus;Springfield;United States;01141;MA;(947) 653-7469;Skil 360 Quick-select 4v Max 1.5ah Lithium-ion Screwdriver;;
3424581;985;10079;2013-01-05T05:16:06;amex;3400 3154 8981 095;Herring Brendon;brenher7035;Bren.HERRI6325@live.com;1967-03-25;8587 La Salle Dr;Grand Rapids;United States;49559;MI;(915) 147-9853;Bostitch Prozhoze;;
3424582;527;10171;2013-01-01T08:38:56;instapayment;6399 5940 0870 3348;Cruz Amaya;amayacruz1983;Amay.CRU6876@live.com;1996-01-24;562 Neenah;Fort Wayne;United States;46487 ;IN;(574) 109-7319;Lincoln Lubrication Ac2440 120-volt Corded Grease Gun;Becton;
3424588;643;10167;2013-01-01T05:19:53;visa;4699 7463 0412 2720;England Emmanuel;emmaenglan7983;Emmanue.ENG6781@gmail.com;1995-12-05;9101 35th;Los Angeles;United States;90955;CA;(919) 982-2855;Black & Decker 20v Max Lithium Drill/driver;;
3424592;36;10094;2013-01-25T03:03:06;instapayment;6386 1232 9767 3148;Ramsey Sebastian;sebastianramse1666;Sebas.RAM6935@mail2web.com;1977-01-21;1916 Manor;Los Angeles;United States;90274;CA;(252) 258-0340;Dewalt Dcf610s2r Drills / Drivers ;;
3424593;370;10126;2013-01-06T01:24:06;visaelectron;4913 7587 7375 7167;Jenkins Abigail;abigjenkin3261;Abigail.JENK1154@mail2web.com;1964-09-01;7203 Dan Ryan 87th St;Eugene;United States;97461;OR;(847) 357-5016;All Purpose Stik Glue Sticks;;
3424601;566;10293;2013-01-19T05:47:31;instapayment;6373 0335 9574 6642;Santiago Noe;noesantia6451;No.SANTIAG2246@yahoo.com;1970-10-24;361 106th;Bellevue;United States;98040;WA;(909) 362-1405;Dewalt Dwt-dck212s2 12v Max Drill;;
